,FileId,filename,extension
0,1,moc-faq-2019-04-08-en,.pdf
1,3,dark-liquidity-guide-v1-3,.pdf
2,4,trading-policy-manual-2014-07-03-en,.pdf
3,7,cancel-on-disconnect-service-application-form-2015-09-18-en,.docx
4,8,cancel-on-disconnect-product-sheet-2014-07-03-en,.pdf
5,9,tx1-feed-index-names-and-symbols-2014-07-04-en,.pdf
6,10,notice-to-participating-organizations-and-members-2014-07-08-en,.pdf
7,11,amendments-to-the-tsx-venture-exchange-tsxv-rulebook-to-allow-for-migration-to-the-tsx-quantum-trading-engine-2014-07-08-en,.pdf
8,12,2009-031-en,.pdf
9,13,2009-043-en,.pdf
10,14,2010-012-en,.pdf
11,15,2011-076-en,.pdf
12,16,2012-010-en,.pdf
13,17,2013-031-en,.pdf
14,18,july18-2008-accept-bypass-orders-030a,.pdf
15,19,july18-2008-accept-bypass-orders-030b-en,.pdf
16,20,proposed-changes-self-trade-tsx-may2014-en,.pdf
17,21,proposed-changes-tsx-may2014-en,.pdf
18,22,proposed-tsx-rule-amendments-june2011,.pdf
19,23,proposed-tsx-rule-amendments-may2014-en,.pdf
20,24,proposed-tsx-rule-amendments-oct2011-en,.pdf
21,25,proposed-tsxv-rule-amendments-may2011-en,.pdf
22,26,proposed-tsxv-rule-amendments-may2014-en,.pdf
23,27,rule-amendments-jul13-09-2014-07-08-en,.pdf
24,28,tsx-rule-amendments-dec14-2007-en,.pdf
25,29,tsx-rule-amendments-july27-2009-en,.pdf
26,30,tsx-rule-amendments-june13-2007-en,.pdf
27,31,tsx-rule-amendments-june2007-en,.pdf
28,32,tsx-rule-amendments-sep2009-en,.pdf
29,33,tsxv-rule-amendments-dec14-2007-en,.pdf
30,34,tsxv-rule-amendments-july27-2007-en,.pdf
31,35,tsxv-rule-amendments-sep2009-en,.pdf
32,36,tmx-equicom-website-solutions-2014-07-31-en,.pdf
33,37,2014-workshop-series-calendar-en,.pdf
34,38,lis-managers-by-office-2016-03-01-en,.pdf
35,39,frequently-asked-questions-2014-08-08-en,.pdf
36,40,tsx-venture-exchange-contact-list-2020-03-20-en,.pdf
37,41,tsx-venture-policy-2,.pdf
38,42,tsx-venture-exchange-comprehensive-checklist-2014-08-18-en,.pdf
39,43,tsx-venture-exchange-listing-application-2014-08-18-en,.doc
40,44,tsx-venture-exchange-advisor-checklist-2014-08-18-en,.pdf
41,45,tsx-listing-fee-schedule-2014-08-20-en,.pdf
42,46,tsxv-listing-fee-schedule-2014-08-20-en,.pdf
43,47,guide-to-the-capital-pool-company-program-2019-09-06-en,.pdf
44,49,policy-capital-pool-companies-2014-08-20-en,.pdf
,FileId,filename,extension,url
0,101,mining-companies-listed-on-tsx-and-tsxv-2020-08-28-en,.xlsx,http://www.tsx.com/resource/en/101
1,102,clean-technology-companies-listed-on-tsx-and-tsxv-2020-08-28-en,.xlsx,http://www.tsx.com/resource/en/102
2,106,oil-and-gas-companies-listed-on-tsx-and-tsxv-2020-08-28-en,.xlsx,http://www.tsx.com/resource/en/106
3,110,technology-companies-listed-on-tsx-and-tsxv-2020-08-28-en,.xlsx,http://www.tsx.com/resource/en/110
4,114,diversified-industries-companies-listed-on-tsx-and-tsxv-2020-08-28-en,.xlsx,http://www.tsx.com/resource/en/114
5,118,life-sciences-companies-listed-on-tsx-and-tsxv-2020-08-28-en,.xlsx,http://www.tsx.com/resource/en/118
6,122,real-estate-companies-listed-on-tsx-and-tsxv-2020-08-28-en,.xlsx,http://www.tsx.com/resource/en/122
7,129,u-s,.xlsx,http://www.tsx.com/resource/en/129
8,198,po-list-2020-08-31-en,.xlsx,http://www.tsx.com/resource/en/198
10,563,closed-end-funds-listed-on-tsx-2020-08-28-en,.xlsx,http://www.tsx.com/resource/en/563
11,570,cpc-report-2020-08-18-en,.xlsx,http://www.tsx.com/resource/en/570
12,571,tsx-andamp-tsxv-listed-companies-2020-08-18-en,.xlsx,http://www.tsx.com/resource/en/571
13,572,tsx-andamp-tsxv-ytd-new-listings-2020-08-18-en,.xlsx,http://www.tsx.com/resource/en/572
14,573,tsx-andamp-tsxv-listed-international-companies-2020-08-28-en,.xlsx,http://www.tsx.com/resource/en/573
15,574,tsx-and-tsxv-dual-listed-companies-2020-08-18-en,.xlsx,http://www.tsx.com/resource/en/574
30,712,international-companies-listed-on-tsx-and-tsxv-2018-05-23-en,.xlsx,http://www.tsx.com/resource/en/712
31,713,energy-companies-listed-on-tsx-and-tsxv-2020-08-28-en,.xlsx,http://www.tsx.com/resource/en/713
38,1168,tsx-et-fs-mi-g-list-2020-08-05-en,.xlsx,http://www.tsx.com/resource/en/1168
39,1212,currently-available-spa-cs-2020-08-18-en,.xlsx,http://www.tsx.com/resource/en/1212
46,1520,tsx-tsxv-technology-andamp-innovation-issuers-2020-08-28-en,.xlsx,http://www.tsx.com/resource/en/1520
51,1860,israel-related-issuers-on-tsx-and-tsxv-2020-08-28-en,.xlsx,http://www.tsx.com/resource/en/1860
57,2291,us-funds-april-2020-en,.xlsx,http://www.tsx.com/resource/en/2291
58,2308,financial-services-companies-listed-on-tsx-and-tsxv-2020-08-28-en,.xlsx,http://www.tsx.com/resource/en/2308
